id,title,publication_year,authors,source,cited_by_count,doi
https://openalex.org/W3038568908,Radiation Resistant Camera System for Monitoring Deuterium Plasma Discharges in the Large Helical Device,2020,M. Shoji; LHD Experiment Group,Plasma and Fusion Research,801217,https://doi.org/10.1585/pfr.15.2402039
https://openalex.org/W2194775991,Deep Residual Learning for Image Recognition,2016,Kaiming He; Xiangyu Zhang; Shaoqing Ren; Jian Sun,Unknown,224919,https://doi.org/10.1109/cvpr.2016.90
https://openalex.org/W3128646645,Global Cancer Statistics 2020: GLOBOCAN Estimates of Incidence and Mortality Worldwide for 36 Cancers in 185 Countries,2021,Hyuna Sung; Adalberto M. Filho; Mathieu Laversanne; Jacques Ferlay; Rebecca L. Siegel; Isabelle Soerjomataram; Ahmedin Jemal; Freddie Bray,CA A Cancer Journal for Clinicians,113620,https://doi.org/10.3322/caac.21660
https://openalex.org/W3118615836,The PRISMA 2020 statement: an updated guideline for reporting systematic reviews,2021,Matthew J. Page; Joanne E. McKenzie; Patrick M. Bossuyt; Isabelle Boutron; Tammy Hoffmann; Cynthia D. Mulrow; Larissa Shamseer; Jennifer Tetzlaff; Elie A. Akl; Sue Brennan; Roger Chou; Julie Glanville; Jeremy Grimshaw; Asbjørn Hróbjartsson; Manoj M. Lalu; Tianjing Li; Elizabeth Loder; Evan Mayo‐Wilson; Steve McDonald; Luke A. McGuinness; Lesley Stewart; James Thomas; Andrea C. Tricco; Vivian Welch; Penny Whiting; David Moher,BMJ,100373,https://doi.org/10.1136/bmj.n71
https://openalex.org/W1901129140,U-Net: Convolutional Networks for Biomedical Image Segmentation,2015,Olaf Ronneberger; Philipp Fischer; Thomas Brox,Lecture notes in computer science,90366,https://doi.org/10.1007/978-3-319-24574-4_28
https://openalex.org/W2889646458,Global cancer statistics 2018: GLOBOCAN estimates of incidence and mortality worldwide for 36 cancers in 185 countries,2018,Freddie Bray; Jacques Ferlay; Isabelle Soerjomataram; Rebecca L. Siegel; Lindsey A. Torre; Ahmedin Jemal,CA A Cancer Journal for Clinicians,88032,https://doi.org/10.3322/caac.21492
https://openalex.org/W1951724000,Fitting Linear Mixed-Effects Models Using <b>lme4</b>,2015,Douglas M. Bates; Martin Mächler; Benjamin M. Bolker; Steve Walker,Journal of Statistical Software,87265,https://doi.org/10.18637/jss.v067.i01
https://openalex.org/W2919115771,Deep learning,2015,Yann LeCun; Yoshua Bengio; Geoffrey E. Hinton,Nature,83067,https://doi.org/10.1038/nature14539
https://openalex.org/W4385245566,Exploiting Generative AI to Scale up Intelligent Tutoring Systems,2023,"Jakubův, Jan; Chvalovský, Karel; Goertzel, Zarathustra; Kaliszyk, Cezary; Olšák, Mirek; Piotrowski, Bartosz; Schulz, Stephan; Suda, Martin; Urban, Josef",DROPS (Schloss Dagstuhl – Leibniz Center for Informatics),77357,https://doi.org/10.4230/lipics.itp.2023.19
https://openalex.org/W2163605009,ImageNet classification with deep convolutional neural networks,2017,Alex Krizhevsky; Ilya Sutskever; Geoffrey E. Hinton,Communications of the ACM,75720,https://doi.org/10.1145/3065386
https://openalex.org/W639708223,Faster R-CNN: Towards Real-Time Object Detection with Region Proposal Networks,2016,Shaoqing Ren; Kaiming He; Ross Girshick; Jian Sun,IEEE Transactions on Pattern Analysis and Machine Intelligence,54935,https://doi.org/10.1109/tpami.2016.2577031
https://openalex.org/W3001118548,"Clinical features of patients infected with 2019 novel coronavirus in Wuhan, China",2020,Chaolin Huang; Yeming Wang; Xingwang Li; Lili Ren; Jianping Zhao; Yi Hu; Li Zhang; Guohui Fan; Jiuyang Xu; Xiaoying Gu; Zhenshun Cheng; Ting Yu; Jiaan Xia; Yuan Wei; Wenjuan Wu; Xuelei Xie; Wen Yin; Hui Li; Min Liu; Xiao Yan; Hong Gao; Li Guo; Jungang Xie; Guangfa Wang; Rongmeng Jiang; Zhancheng Gao; Qi Jin; Jianwei Wang; Bin Cao,The Lancet,51911,https://doi.org/10.1016/s0140-6736(20)30183-5
https://openalex.org/W2295598076,XGBoost,2016,Tianqi Chen; Carlos Guestrin,Unknown,50650,https://doi.org/10.1145/2939672.2939785
https://openalex.org/W2964121744,Unknown,2015,"Mandi, Jayanta; Canoy, Rocsildes; Bucarey, Víctor; Guns, Tias",DROPS (Schloss Dagstuhl – Leibniz Center for Informatics),50449,https://doi.org/10.4230/lipics.cp.2021.42
https://openalex.org/W2097117768,Going deeper with convolutions,2015,Christian Szegedy; Wei Liu; Yangqing Jia; Pierre Sermanet; Scott Reed; Dragomir Anguelov; Dumitru Erhan; Vincent Vanhoucke; Andrew Rabinovich,Unknown,47059,https://doi.org/10.1109/cvpr.2015.7298594
https://openalex.org/W3177828909,Highly accurate protein structure prediction with AlphaFold,2021,John Jumper; Richard Evans; Alexander Pritzel; Tim Green; Michael Figurnov; Olaf Ronneberger; Kathryn Tunyasuvunakool; Russ Bates; Augustin Žídek; Anna Potapenko; Alex Bridgland; Clemens Meyer; Simon Köhl; Andrew J. Ballard; Andrew Cowie; Bernardino Romera‐Paredes; Stanislav Nikolov; Rishub Jain; Jonas Adler; Trevor Back; Stig Petersen; David Reiman; Ellen Clancy; Michał Zieliński; Martin Steinegger; Michalina Pacholska; Tamas Berghammer; Sebastian W. Bodenstein; David Silver; Oriol Vinyals; Andrew Senior; Koray Kavukcuoglu; Pushmeet Kohli; Demis Hassabis,Nature,46323,https://doi.org/10.1038/s41586-021-03819-2
https://openalex.org/W2311203695,MEGA7: Molecular Evolutionary Genetics Analysis Version 7.0 for Bigger Datasets,2016,Sudhir Kumar; Glen Stecher; Koichiro Tamura,Molecular Biology and Evolution,45963,https://doi.org/10.1093/molbev/msw054
https://openalex.org/W2896457183,AI-Assisted Pipeline for Dynamic Generation of Trustworthy Health Supplement Content at Scale,2018,"Kefallinos, Dionysios; Alexandris, Georgios; Maras, Alexis; Chaidos, Panagiotis; Gomony, Manil Dev; Corporaal, Henk; Soudris, Dimitrios; Xydis, Sotirios",DROPS (Schloss Dagstuhl – Leibniz Center for Informatics),45831,https://doi.org/10.4230/lipics.cosit.2022.18
https://openalex.org/W2963446712,Densely Connected Convolutional Networks,2017,Gao Huang; Zhuang Liu; Laurens van der Maaten; Kilian Q. Weinberger,Unknown,45201,https://doi.org/10.1109/cvpr.2017.243
https://openalex.org/W2146512944,limma powers differential expression analyses for RNA-sequencing and microarray studies,2015,Matthew E. Ritchie; Belinda Phipson; Di Wu; Yifang Hu; Charity W. Law; Wei Shi; Gordon K. Smyth,Nucleic Acids Research,43844,https://doi.org/10.1093/nar/gkv007
https://openalex.org/W2891378911,PRISMA Extension for Scoping Reviews (PRISMA-ScR): Checklist and Explanation,2018,Andrea C. Tricco; Erin Lillie; Wasifa Zarin; Kelly K. O’Brien; Heather Colquhoun; Danielle Levac; David Moher; Micah D.J. Peters; Tanya Horsley; Laura Weeks; Susanne Hempel; Elie A. Akl; Christine Chang; Jessie McGowan; Lesley Stewart; Lisa Hartling; Adrian Aldcroft; Michael G. Wilson; Chantelle Garritty; Simon Lewin; Christina Godfrey; Marilyn Macdonald; Étienne V Langlois; Karla Soares‐Weiser; Jo Moriarty; Tammy Clifford; Özge Tunçalp; Sharon E. Straus,Annals of Internal Medicine,42185,https://doi.org/10.7326/m18-0850
https://openalex.org/W2117539524,ImageNet Large Scale Visual Recognition Challenge,2015,Olga Russakovsky; Jia Deng; Hao Su; Jonathan Krause; Sanjeev Satheesh; Sean Ma; Zhiheng Huang; Andrej Karpathy; Aditya Khosla; Michael S. Bernstein; Alexander C. Berg; Li Fei-Fei,International Journal of Computer Vision,40450,https://doi.org/10.1007/s11263-015-0816-y
https://openalex.org/W2799524357,MEGA X: Molecular Evolutionary Genetics Analysis across Computing Platforms,2018,Sudhir Kumar; Glen Stecher; Michael Li; Christina Knyaz; Koichiro Tamura,Molecular Biology and Evolution,39219,https://doi.org/10.1093/molbev/msy096
https://openalex.org/W3003257820,SciPy 1.0: fundamental algorithms for scientific computing in Python,2020,Pauli Virtanen; Ralf Gommers; Travis E. Oliphant; Matt Haberland; Tyler Reddy; David Cournapeau; Evgeni Burovski; Pearu Peterson; Warren Weckesser; Jonathan Bright; Stéfan J. van der Walt; Matthew Brett; Joshua Wilson; K. Jarrod Millman; Nikolay Mayorov; Andrew R. J. Nelson; Eric Jones; Robert Kern; Eric Larson; C J Carey; İlhan Polat; Yu Feng; Eric W. Moore; Jake VanderPlas; Denis Laxalde; Josef Perktold; Robert Cimrman; Ian Henriksen; E. A. Quintero; Charles R. Harris; Anne M. Archibald; Antônio H. Ribeiro; Fabian Pedregosa; Paul van Mulbregt; SciPy 1.0 Contributors; Aditya Vijaykumar; Alessandro Pietro Bardelli; Alex Rothberg; Andreas Hilboll; Andreas Kloeckner; Anthony Scopatz; Antony Lee; Ariel Rokem; C. Nathan Woods; Chad Fulton; Charles Masson; Christian Häggström; Clark Fitzgerald; David A. Nicholson; David R. Hagen; Dmitrii V. Pasechnik; Emanuele Olivetti; Eric Martin; Eric Wieser; Fabrice Silva; Felix Lenders; Florian Wilhelm; G. Young; Gavin A. Price; Gert-Ludwig Ingold; Gregory E. Allen; Gregory R. Lee; Hervé Audren; Irvin Probst; Jörg P. Dietrich; Jacob Silterra; James T Webber; Janko Slavič; Joel Nothman; Johannes Buchner; Johannes Kulick; Johannes L. Schönberger; José Vinícius de Miranda Cardoso; Joscha Reimer; Joseph Harrington; Juan Luis Cano Rodríguez; Juan Nunez-Iglesias; Justin Kuczynski; Kevin Tritz; Martin Thoma; Matthew Newville; Matthias Kümmerer; Maximilian Bolingbroke; Michael Tartre; Mikhail Pak; Nathaniel J. Smith; Nikolai Nowaczyk; Nikolay Shebanov; Oleksandr Pavlyk; Per A. Brodtkorb; Perry Lee; Robert T. McGibbon; Roman Feldbauer; Sam Lewis; Sam Tygier; Scott Sievert; Sebastiano Vigna; Stefan Peterson; Surhud More; Tadeusz Pudlik,Nature Methods,38973,https://doi.org/10.1038/s41592-019-0686-2
https://openalex.org/W1990513740,Diffusion of Innovations 1,2019,Everett M. Rogers; Arvind Singhal; Margaret M. Quinlan,Unknown,37208,https://doi.org/10.4324/9780203710753-35
https://openalex.org/W1903029394,Fully convolutional networks for semantic segmentation,2015,Jonathan Long; Evan Shelhamer; Trevor Darrell,Unknown,37186,https://doi.org/10.1109/cvpr.2015.7298965
https://openalex.org/W2401404581,DADA2: High-resolution sample inference from Illumina amplicon data,2016,Benjamin J. Callahan; Paul J. McMurdie; Michael Rosen; Andrew Han; Amy Jo A Johnson; Susan Holmes,Nature Methods,37136,https://doi.org/10.1038/nmeth.3869
https://openalex.org/W4254687493,ggplot2,2016,Hadley Wickham,Use R!,33532,https://doi.org/10.1007/978-3-319-24277-4
https://openalex.org/W2963341956,Unknown,2019,Jacob Devlin; Ming‐Wei Chang; Kenton Lee; Kristina Toutanova,Unknown,33123,https://doi.org/10.18653/v1/n19-1423
https://openalex.org/W2051978340,Standards and guidelines for the interpretation of sequence variants: a joint consensus recommendation of the American College of Medical Genetics and Genomics and the Association for Molecular Pathology,2015,Sue Richards; Nazneen Aziz; Sherri J. Bale; David Bick; Soma Das; Julie M. Gastier‐Foster; Wayne W. Grody; Madhuri Hegde; Elaine Lyon; Elaine Spector; Karl V. Voelkerding; Heidi L. Rehm,Genetics in Medicine,32848,https://doi.org/10.1038/gim.2015.30
https://openalex.org/W2970684805,RoB 2: a revised tool for assessing risk of bias in randomised trials,2019,Jonathan A C Sterne; Jelena Savović; Matthew J. Page; Roy G. Elbers; Natalie Blencowe; Isabelle Boutron; Christopher J Cates; Hung‐Yuan Cheng; Mark Corbett; Sandra Eldridge; Jonathan Emberson; Miguel A. Hernán; Sally Hopewell; Asbjørn Hróbjartsson; Daniela R. Junqueira; Peter Jüni; Jamie J Kirkham; Toby J Lasserson; Tianjing Li; Alexandra McAleenan; Barnaby C Reeves; Sasha Shepperd; Ian Shrier; Lesley Stewart; Kate Tilling; Ian R. White; Penny Whiting; Julian P. T. Higgins,BMJ,32011,https://doi.org/10.1136/bmj.l4898
https://openalex.org/W3025949386,The ERA5 global reanalysis,2020,Hans Hersbach; Bill Bell; Paul Berrisford; Shoji Hirahara; Ándrás Horányi; Joaquín Muñoz‐Sabater; Julien P. Nicolas; Carole Peubey; Raluca Radu; Dinand Schepers; A. J. Simmons; Cornel Soci; Saleh Abdalla; Xavier Abellan; Gianpaolo Balsamo; Peter Bechtold; G. Biavati; Jean‐Raymond Bidlot; Massimo Bonavita; Giovanna De Chiara; Per Dahlgren; Dick Dee; Michail Diamantakis; Rossana Dragani; Johannes Flemming; Richard Forbes; Manuel Fuentes; Alan Geer; Leo Haimberger; S. B. Healy; Robin J. Hogan; Elías Hólm; Marta Janisková; Sarah Keeley; Patrick Laloyaux; Philippe Lopez; Cristina Lupu; Gábor Radnóti; Patricia de Rosnay; I. Rozum; Freja Vamborg; Sébastien Villaume; Jean‐Noël Thépaut,Quarterly Journal of the Royal Meteorological Society,31280,https://doi.org/10.1002/qj.3803
https://openalex.org/W2183341477,Rethinking the Inception Architecture for Computer Vision,2016,Christian Szegedy; Vincent Vanhoucke; Sergey Ioffe; Jon Shlens; Zbigniew Wojna,Unknown,31231,https://doi.org/10.1109/cvpr.2016.308
https://openalex.org/W3008827533,Clinical Characteristics of Coronavirus Disease 2019 in China,2020,Wei‐jie Guan; Zhengyi Ni; Yu Hu; Wenhua Liang; Chun‐Quan Ou; Jianxing He; Lei Liu; Hong Shan; Chunliang Lei; David S.C. Hui; Bin Du; Lanjuan Li; Guang Zeng; Kwok‐Yung Yuen; Ruchong Chen; Chunli Tang; Tao Wang; Pingyan Chen; Jie Xiang; Shiyue Li; Jinlin Wang; Zijing Liang; Yixiang Peng; Wei Li; Yong Liu; Yahua Hu; Peng Peng; Jianming Wang; Jiyang Liu; Zhong Chen; Gang Li; Zhijian Zheng; Shaoqin Qiu; Jie Luo; Chang-jiang Ye; Shaoyong Zhu; Nanshan Zhong,New England Journal of Medicine,31205,https://doi.org/10.1056/nejmoa2002032
https://openalex.org/W3138516171,Swin Transformer: Hierarchical Vision Transformer using Shifted Windows,2021,Ze Liu; Yutong Lin; Yue Cao; Han Hu; Yixuan Wei; Zheng Zhang; Stephen Lin; Baining Guo,2021 IEEE/CVF International Conference on Computer Vision (ICCV),31078,https://doi.org/10.1109/iccv48922.2021.00986
https://openalex.org/W2560367415,PD-1 and PD-L1 Immune Checkpoint Blockade to Treat Breast Cancer,2016,Andreas D. Hartkopf; Florin‐Andrei Taran; Markus Wallwiener; Christina B. Walter; Bernhard Krämer; Eva‐Maria Grischke; Sara Y. Brucker,Breast Care,30920,https://doi.org/10.1159/000453569
https://openalex.org/W2951912016,fastp: an ultra-fast all-in-one FASTQ preprocessor,2018,Shifu Chen; Yanqing Zhou; Yaru Chen; Jia Gu,Bioinformatics,30704,https://doi.org/10.1093/bioinformatics/bty560
https://openalex.org/W3106250896,SSD: Single Shot MultiBox Detector,2016,Wei Liu; Dragomir Anguelov; Dumitru Erhan; Christian Szegedy; Scott Reed,Unknown,30534,Unknown
https://openalex.org/W2145339207,Human-level control through deep reinforcement learning,2015,Volodymyr Mnih; Koray Kavukcuoglu; David Silver; Andrei A. Rusu; Joel Veness; Marc G. Bellemare; Alex Graves; Martin Riedmiller; Andreas Fidjeland; Georg Ostrovski; Stig Petersen; Charles Beattie; Amir Sadik; Ioannis Antonoglou; Helen King; Dharshan Kumaran; Daan Wierstra; Shane Legg; Demis Hassabis,Nature,30501,https://doi.org/10.1038/nature14236
https://openalex.org/W3001897055,"A Novel Coronavirus from Patients with Pneumonia in China, 2019",2020,Na Zhu; Dingyu Zhang; Wenling Wang; Xingwang Li; Bo Yang; Jingdong Song; Xiang Zhao; Baoying Huang; Weifeng Shi; Roujian Lu; Peihua Niu; Faxian Zhan; Xuejun Ma; Dayan Wang; Wenbo Xu; Guizhen Wu; George F. Gao; Wenjie Tan,New England Journal of Medicine,30451,https://doi.org/10.1056/nejmoa2001017
https://openalex.org/W2607031541,"Magnesium Replacement Improves the Metabolic Profile in Obese and Pre-Diabetic Patients with Mild-to-Moderate Chronic Kidney Disease: A 3-Month, Randomised, Double-Blind, Placebo-Controlled Study",2017,Ömer Toprak; Hüseyin Kurt; Yasin Sarı; Cihat Şarkış; Halil Us; Ali Kırık,Kidney & Blood Pressure Research,29697,https://doi.org/10.1159/000468530
https://openalex.org/W3009885589,"Clinical course and risk factors for mortality of adult inpatients with COVID-19 in Wuhan, China: a retrospective cohort study",2020,Fei Zhou; Ting Yu; Ronghui Du; Guohui Fan; Ying Liu; Zhibo Liu; Jie Xiang; Yeming Wang; Bin Song; Xiaoying Gu; Lulu Guan; Yuan Wei; Hui Li; Xudong Wu; Jiuyang Xu; Shengjin Tu; Yi Zhang; Hua Chen; Bin Cao,The Lancet,29181,https://doi.org/10.1016/s0140-6736(20)30566-3
https://openalex.org/W2963150697,Mask R-CNN,2017,Kaiming He; Georgia Gkioxari; Piotr Dollár; Ross Girshick,Unknown,29175,https://doi.org/10.1109/iccv.2017.322
https://openalex.org/W2565639579,Feature Pyramid Networks for Object Detection,2017,Tsung-Yi Lin; Piotr Dollár; Ross Girshick; Kaiming He; Bharath Hariharan; Serge Belongie,Unknown,29156,https://doi.org/10.1109/cvpr.2017.106
https://openalex.org/W2752782242,Squeeze-and-Excitation Networks,2018,Jie Hu; Li Shen; Gang Sun,Unknown,29124,https://doi.org/10.1109/cvpr.2018.00745
https://openalex.org/W2280404143,The Third International Consensus Definitions for Sepsis and Septic Shock (Sepsis-3),2016,Mervyn Singer; Clifford S. Deutschman; Christopher W. Seymour; Manu Shankar‐Hari; Djillali Annane; Michael Bauer; Rinaldo Bellomo; Gordon R. Bernard; Jean‐Daniel Chiche; Craig M. Coopersmith; Richard S. Hotchkiss; Mitchell M. Levy; John C. Marshall; Greg S. Martin; Steven M. Opal; Gordon D. Rubenfeld; Tom van der Poll; Jean‐Louis Vincent; Derek C. Angus,JAMA,28448,https://doi.org/10.1001/jama.2016.0287
https://openalex.org/W2327037637,A Guideline of Selecting and Reporting Intraclass Correlation Coefficients for Reliability Research,2016,Terry K. Koo; Mae Y. Li,Journal of Chiropractic Medicine,28442,https://doi.org/10.1016/j.jcm.2016.02.012
https://openalex.org/W2567289819,Unknown,2016,Unknown,Philosophy study,28324,https://doi.org/10.17265/2159-5313/2016.09.003
https://openalex.org/W1536680647,Fast R-CNN,2015,Ross Girshick,Unknown,28161,https://doi.org/10.1109/iccv.2015.169
https://openalex.org/W2917837889,"Global cancer statistics, 2012",2015,Lindsey A. Torre; Freddie Bray; Rebecca L. Siegel; Jacques Ferlay; Joannie Lortet‐Tieulent; Ahmedin Jemal,CA A Cancer Journal for Clinicians,27392,https://doi.org/10.3322/caac.21262
https://openalex.org/W2161374186,Preferred reporting items for systematic review and meta-analysis protocols (PRISMA-P) 2015 statement,2015,PRISMA-P Group; David Moher; Larissa Shamseer; Mike Clarke; Davina Ghersi; Alessandro Liberati; Mark Petticrew; Paul Shekelle; Lesley Stewart,Systematic Reviews,26838,https://doi.org/10.1186/2046-4053-4-1
https://openalex.org/W2102278945,HISAT: a fast spliced aligner with low memory requirements,2015,Daehwan Kim; Ben Langmead; Steven L. Salzberg,Nature Methods,26590,https://doi.org/10.1038/nmeth.3317
https://openalex.org/W2963351448,Focal Loss for Dense Object Detection,2017,Tsung-Yi Lin; Priya Goyal; Ross Girshick; Kaiming He; Piotr Dollár,Unknown,26333,https://doi.org/10.1109/iccv.2017.324
https://openalex.org/W2963163009,MobileNetV2: Inverted Residuals and Linear Bottlenecks,2018,Mark Sandler; Andrew Howard; Menglong Zhu; Andrey Zhmoginov; Liang-Chieh Chen,Unknown,25935,https://doi.org/10.1109/cvpr.2018.00474
https://openalex.org/W2560438049,Rayyan—a web and mobile app for systematic reviews,2016,Mourad Ouzzani; Hossam M. Hammady; Zbys Fedorowicz; Ahmed K. Elmagarmid,Systematic Reviews,25599,https://doi.org/10.1186/s13643-016-0384-4
https://openalex.org/W3118608800,Learning Multiple Layers of Features from Tiny Images,2024,Alex Krizhevsky,Unknown,25504,https://doi.org/10.57702/zp44cu3g
https://openalex.org/W2905811773,When to use and how to report the results of PLS-SEM,2018,Joseph F. Hair; Jeffrey J. Risher; Marko Sarstedt; Christian M. Ringle,European Business Review,25282,https://doi.org/10.1108/ebr-11-2018-0203
https://openalex.org/W2944434778,The REDCap consortium: Building an international community of software platform partners,2019,Paul A. Harris; Robert J. Taylor; Brenda L. Minor; Veida Elliott; Michelle Fernández; Lindsay O’Neal; Laura McLeod; Giovanni Delacqua; Francesco Delacqua; Jacqueline Kirby; Stephany N. Duda,Journal of Biomedical Informatics,24619,https://doi.org/10.1016/j.jbi.2019.103208
https://openalex.org/W2963276645,"Reproducible, interactive, scalable and extensible microbiome data science using QIIME 2",2019,Evan Bolyen; Jai Ram Rideout; Matthew R. Dillon; Nicholas A. Bokulich; Christian C. Abnet; Gabriel A. Al‐Ghalith; Harriet Alexander; Eric J. Alm; Manimozhiyan Arumugam; Francesco Asnicar; Yang Bai; Jordan E. Bisanz; Kyle Bittinger; Asker Brejnrod; Colin Brislawn; C. Titus Brown; Benjamin J. Callahan; Andrés Mauricio Caraballo‐Rodríguez; John Chase; Emily K. Cope; Ricardo Silva; Christian Diener; Pieter C. Dorrestein; Gavin M. Douglas; Daniel M. Durall; Claire Duvallet; Christian F. Edwardson; Madeleine Ernst; Mehrbod Estaki; Jennifer Fouquier; Julia M. Gauglitz; Sean M. Gibbons; Deanna L. Gibson; Antonio González; Kestrel Gorlick; Jiarong Guo; Benjamin Hillmann; Susan Holmes; Hannes Holste; Curtis Huttenhower; Gavin Huttley; Stefan Janssen; Alan K. Jarmusch; Lingjing Jiang; Benjamin D. Kaehler; Kyo Bin Kang; Christopher R. Keefe; Paul Keim; Scott T. Kelley; Dan Knights; Irina Koester; Tomasz Kościółek; Jorden Kreps; Morgan G. I. Langille; Joslynn S. Lee; Ruth E. Ley; Yongxin Liu; Erikka Loftfield; Catherine Lozupone; Massoud Maher; Clarisse Marotz; Bryan D Martin; Daniel McDonald; Lauren J. McIver; Alexey V. Melnik; Jessica L. Metcalf; Sydney Morgan; Jamie Morton; Ahmad Turan Naimey; José A. Navas-Molina; Louis‐Félix Nothias; Stephanie B. Orchanian; Talima Pearson; Samuel L Peoples; Daniel Petras; Mary L. Preuss; Elmar Pruesse; Lasse Buur Rasmussen; Adam R. Rivers; Michael S. Robeson; Patrick Rosenthal; Nicola Segata; Michael Shaffer; Arron Shiffer; Rashmi Sinha; Se Jin Song; John R. Spear; Austin D. Swafford; Luke Thompson; Pedro J. Torres; Pauline Trinh; Anupriya Tripathi; Peter J. Turnbaugh; Sabah Ul-Hasan; Justin J. J. van der Hooft; Fernando Vargas; Yoshiki Vázquez‐Baeza; Emily Vogtmann; Max von Hippel; William A. Walters,Nature Biotechnology,24600,https://doi.org/10.1038/s41587-019-0209-9
https://openalex.org/W2588681363,The “Golden Age” of Probiotics: A Systematic Review and Meta-Analysis of Randomized and Observational Studies in Preterm Infants,2017,Elda Dermyshi; Yizhong Wang; Chongbing Yan; Wenchao Hong; Gang Qiu; Xiaohui Gong; Ting Zhang,Neonatology,24494,https://doi.org/10.1159/000454668
https://openalex.org/W4393935425,Global cancer statistics 2022: GLOBOCAN estimates of incidence and mortality worldwide for 36 cancers in 185 countries,2024,Freddie Bray; Mathieu Laversanne; Hyuna Sung; Jacques Ferlay; Rebecca L. Siegel; Isabelle Soerjomataram; Ahmedin Jemal,CA A Cancer Journal for Clinicians,24424,https://doi.org/10.3322/caac.21834
https://openalex.org/W4392145873,"Two new Later Stone Age sites from the Final Pleistocene in the Falémé Valley, eastern Senegal",2024,"Ndiaye, Matar; Lespez, Laurent; Tribolo, Chantal; Rasse, Michel; Hadjas, Irka; Davidoux, Sarah; Huysecom, Éric; Douze, Katja",University of Lisbon Repository (University of Lisbon),24021,https://doi.org/10.3929/ethz-b-000667478
https://openalex.org/W2774486220,<b>lmerTest</b> Package: Tests in Linear Mixed Effects Models,2017,Alexandra Kuznetsova; Per B. Brockhoff; Rune Haubo Bojesen Christensen,Journal of Statistical Software,23998,https://doi.org/10.18637/jss.v082.i13
https://openalex.org/W1515587369,The Discovery of Grounded Theory,2017,Barney G. Glaser; Anselm L. Strauss,Unknown,23821,https://doi.org/10.4324/9780203793206
https://openalex.org/W3004280078,A pneumonia outbreak associated with a new coronavirus of probable bat origin,2020,Peng Zhou; Xing‐Lou Yang; Xian-Guang Wang; Ben Hu; Lei Zhang; Wei Zhang; Hao-Rui Si; Yan Zhu; Bei Li; Chao-Lin Huang; Huidong Chen; Jing Chen; Yun Luo; Hua Guo; Ren-Di Jiang; Mei-Qin Liu; Ying Chen; Xu-Rui Shen; Xi Wang; Xiao-Shuang Zheng; Kai Zhao; Quan-Jiao Chen; Fēi Dèng; Linlin Liu; Bing Yan; Fa-Xian Zhan; Yanyi Wang; Gengfu Xiao; Zheng‐Li Shi,Nature,23400,https://doi.org/10.1038/s41586-020-2012-7
https://openalex.org/W2124192278,Numerical Heat Transfer and Fluid Flow,2018,Suhas V. Patankar,Unknown,23394,https://doi.org/10.1201/9781482234213
https://openalex.org/W3035965352,Array programming with NumPy,2020,Charles R. Harris; K. Jarrod Millman; Stéfan J. van der Walt; Ralf Gommers; Pauli Virtanen; David Cournapeau; Eric Wieser; Julian Taylor; Sebastian Berg; Nathaniel J. Smith; Robert Kern; Matti Picus; Stephan Hoyer; Marten H. van Kerkwijk; Matthew Brett; Allan Haldane; Jaime Fernández del Río; Mark Wiebe; Pearu Peterson; Pierre Gérard-Marchant; Kevin Sheppard; Tyler Reddy; Warren Weckesser; Hameer Abbasi; Christoph Gohlke; Travis E. Oliphant,Nature,23063,https://doi.org/10.1038/s41586-020-2649-2
https://openalex.org/W2884585870,CBAM: Convolutional Block Attention Module,2018,Sanghyun Woo; Jongchan Park; Joon‐Young Lee; In So Kweon,Lecture notes in computer science,22980,https://doi.org/10.1007/978-3-030-01234-2_1
https://openalex.org/W4251751280,MEGA11: Molecular Evolutionary Genetics Analysis Version 11,2021,Koichiro Tamura; Glen Stecher; Sudhir Kumar,Molecular Biology and Evolution,22757,https://doi.org/10.1093/molbev/msab120
https://openalex.org/W3002108456,"Epidemiological and clinical characteristics of 99 cases of 2019 novel coronavirus pneumonia in Wuhan, China: a descriptive study",2020,Nanshan Chen; Min Zhou; Xuan Dong; Jieming Qu; Fengyun Gong; Yang Han; Yang Qiu; Jingli Wang; Ying Liu; Yuan Wei; Jiaan Xia; Ting Yu; Xinxin Zhang; Li Zhang,The Lancet,22716,https://doi.org/10.1016/s0140-6736(20)30211-7
https://openalex.org/W4214907476,Advances In Experimental Social Psychology,2022,Unknown,Advances in experimental social psychology,22492,https://doi.org/10.1016/s0065-2601(22)x0002-6
https://openalex.org/W2412782625,"DeepLab: Semantic Image Segmentation with Deep Convolutional Nets, Atrous Convolution, and Fully Connected CRFs",2017,Liang-Chieh Chen; George Papandreou; Iasonas Kokkinos; Kevin Murphy; Alan Yuille,IEEE Transactions on Pattern Analysis and Machine Intelligence,22388,https://doi.org/10.1109/tpami.2017.2699184
https://openalex.org/W4281687410,Diagnostic and Statistical Manual of Mental Disorders,2022,Unknown,American Psychiatric Association Publishing eBooks,22328,https://doi.org/10.1176/appi.books.9780890425787
https://openalex.org/W2990427812,Welcome to the Tidyverse,2019,Hadley Wickham; Mara Averick; Jennifer Bryan; Winston Chang; Lucy D’Agostino McGowan; Romain François; Garrett Grolemund; Alex Hayes; L. Banziiaf Henry; Jim Hester; Max Kühn; Thomas Lin Pedersen; Evan Miller; Stephan Bache; Kirill Müller; Jeroen Ooms; David M. Robinson; Dana P. Seidel; Vitalie Spinu; Kohske Takahashi; Davis Vaughan; Claus O. Wilke; Kara Woo; Hiroaki Yutani,The Journal of Open Source Software,22275,https://doi.org/10.21105/joss.01686
https://openalex.org/W2149868499,Qualitative Inquiry and Research Design: Choosing Among Five Approaches,2015,Sarah Lewis,Health Promotion Practice,22274,https://doi.org/10.1177/1524839915580941
https://openalex.org/W3039083618,Classical Electrodynamics,2020,Unknown,Princeton University Press eBooks,22232,https://doi.org/10.2307/j.ctv131bv37.5
https://openalex.org/W2962858109,Grad-CAM: Visual Explanations from Deep Networks via Gradient-Based Localization,2017,Ramprasaath R. Selvaraju; Michael Cogswell; Abhishek Das; Ramakrishna Vedantam; Devi Parikh; Dhruv Batra,Unknown,22138,https://doi.org/10.1109/iccv.2017.74
https://openalex.org/W2962793481,Unpaired Image-to-Image Translation Using Cycle-Consistent Adversarial Networks,2017,Jun-Yan Zhu; Taesung Park; Phillip Isola; Alexei A. Efros,Unknown,22104,https://doi.org/10.1109/iccv.2017.244
https://openalex.org/W2099471712,GAN（Generative Adversarial Nets）,2017,柴田 淳司,Journal of Japan Society for Fuzzy Theory and Intelligent Informatics,21804,https://doi.org/10.3156/jsoft.29.5_177_2
https://openalex.org/W2999417355,"Cancer statistics, 2020",2020,Rebecca L. Siegel; Kimberly D. Miller; Ahmedin Jemal,CA A Cancer Journal for Clinicians,21470,https://doi.org/10.3322/caac.21590
https://openalex.org/W3009912996,SARS-CoV-2 Cell Entry Depends on ACE2 and TMPRSS2 and Is Blocked by a Clinically Proven Protease Inhibitor,2020,Markus Hoffmann; Hannah Kleine‐Weber; Simon Schroeder; Nadine Krüger; Tanja Herrler; Sandra Erichsen; Tobias S. Schiergens; Georg Herrler; Nai‐Huei Wu; Andreas Nitsche; Marcel A. Müller; Christian Drosten; Stefan Pöhlmann,Cell,21426,https://doi.org/10.1016/j.cell.2020.02.052
https://openalex.org/W2193145675,SSD: Single Shot MultiBox Detector,2016,Wei Liu; Dragomir Anguelov; Dumitru Erhan; Christian Szegedy; Scott Reed; Cheng-Yang Fu; Alexander C. Berg,Lecture notes in computer science,21334,https://doi.org/10.1007/978-3-319-46448-0_2
https://openalex.org/W3005079553,"Clinical Characteristics of 138 Hospitalized Patients With 2019 Novel Coronavirus–Infected Pneumonia in Wuhan, China",2020,Dawei Wang; Bo Hu; Chang Hu; Fangfang Zhu; Xing Liu; Jing Zhang; Binbin Wang; Hui Xiang; Zhenshun Cheng; Yong Xiong; Yan Zhao; Yirong Li; Xinghuan Wang; Zhiyong Peng,JAMA,21215,https://doi.org/10.1001/jama.2020.1585
https://openalex.org/W2911188335,"Cancer statistics, 2019",2019,Rebecca L. Siegel; Kimberly D. Miller; Ahmedin Jemal,CA A Cancer Journal for Clinicians,21016,https://doi.org/10.3322/caac.21551
https://openalex.org/W2041902442,Computer Simulation of Liquids,2017,Michael P. Allen; Dominic J. Tildesley,Unknown,21001,https://doi.org/10.1093/oso/9780198803195.001.0001
https://openalex.org/W2787959293,Fractional Differential Equations,2025,Igor Podlubný,Unknown,20506,https://doi.org/10.3390/books978-3-7258-4742-6
https://openalex.org/W1533200881,Distinction: A Social Critique of the Judgement of Taste*,2018,Pierre Bourdıeu,Unknown,20384,https://doi.org/10.4324/9781315680347-10
https://openalex.org/W843007777,"Physisorption of gases, with special reference to the evaluation of surface area and pore size distribution (IUPAC Technical Report)",2015,Matthias Thommes; Katsumi Kaneko; Alexander V. Neimark; James P. Olivier; F. Rodrı́guez-Reinoso; J. Rouquérol; K. S. W. Sing,Pure and Applied Chemistry,20286,https://doi.org/10.1515/pac-2014-1117
https://openalex.org/W2104549677,A global reference for human genetic variation,2015,Corresponding authors; Adam Auton; Gonçalo R. Abecasis; David M. Altshuler; Richard Durbin; Gonçalo R. Abecasis; David R. Bentley; Aravinda Chakravarti; Andrew G. Clark; Peter Donnelly; Evan E. Eichler; Paul Flicek; Stacey B. Gabriel; Richard A. Gibbs; Eric D. Green; Matthew E. Hurles; Bartha M. Knoppers; Jan O. Korbel; Eric S. Lander; Charles Lee; Hans Lehrach; Elaine R. Mardis; Gábor Marth; Gil A. McVean; Deborah A. Nickerson; Jeanette P. Schmidt; Stephen T. Sherry; Jun Wang; Richard K. Wilson; Production group; Richard A. Gibbs; Eric Boerwinkle; HarshaVardhan Doddapaneni; Yi Han; Viktoriya Korchina; Christie Kovar; Sandra Lee; Donna M. Muzny; Jeffrey G. Reid; Yiming Zhu; BGI-Shenzhen; Jun Wang; Yuqi Chang; Qiang Feng; Xiaodong Fang; Xiaosen Guo; Min Jian; Hui Jiang; Xin Jin; Tianming Lan; Guoqing Li; Jingxiang Li; Yingrui Li; Shengmao Liu; Xiao Liu; Yao Lu; Xuedi Ma; Meifang Tang; Bo Wang; Guangbiao Wang; Honglong Wu; Renhua Wu; Xun Xu; Ye Yin; Dandan Zhang; Wenwei Zhang; Jiao Zhao; Meiru Zhao; Xiaole Zheng; Eric S. Lander; David M. Altshuler; Stacey Gabriel; Namrata Gupta; Neda Gharani; Lorraine H. Toji; Norman P. Gerry; Alissa Resch; Paul Flicek; Jonathan Barker; Laura Clarke; Laurent Gil; Sarah Hunt; Gavin Kelman; Eugene Kulesha; Rasko Leinonen; William McLaren; Rajesh Radhakrishnan; Asier Roa; Dmitriy Smirnov; Richard E. Smith; Ian Streeter; Anja Thormann; Iliana Toneva; Brendan Vaughan; Xiangqun Zheng-Bradley; Illumina; David R. Bentley; Russell Grocock; Sean Humphray; Terena James,Nature,20270,https://doi.org/10.1038/nature15393
https://openalex.org/W4320013936,Generative Adversarial Nets,2023,Raphael Labaca-Castro,Unknown,19948,https://doi.org/10.1007/978-3-658-40442-0_9
https://openalex.org/W2167311298,Older Adults' Reasons for Using Technology while Aging in Place,2015,Sebastiaan Theodorus Michaël Peek; Katrien Luijkx; M. D. Rijnaard; Marianne Nieboer; C. S. van der Voort; Sil Aarts; Joost van Hoof; Hubertus JM Vrijhoef; Eveline Wouters,Gerontology,19756,https://doi.org/10.1159/000430949
https://openalex.org/W3092849554,"Global burden of 369 diseases and injuries in 204 countries and territories, 1990–2019: a systematic analysis for the Global Burden of Disease Study 2019",2020,Theo Vos; Stephen S Lim; Cristiana Abbafati; Kaja Abbas; Mohammad Abbasi; Mitra Abbasifard; Mohsen Abbasi‐Kangevari; Hedayat Abbastabar; Foad Abd-Allah; Ahmed Abdelalim; Mohammad Abdollahı; Ibrahim Abdollahpour; Hassan Abolhassani; Victor Aboyans; Elissa M. Abrams; Lucas Guimarães Abreu; Michael R.M. Abrigo; Laith J. Abu‐Raddad; Abdelrahman Ibrahim Abushouk; Alyssa Acebedo; Ilana N. Ackerman; Maryam Adabi; Abdu A. Adamu; Oladimeji Adebayo; Victor Adekanmbi; Jaimie D. Adelson; Olatunji Adetokunboh; Davoud Adham; Mahdi Afshari; Ashkan Afshin; Emilie Agardh; Gina Agarwal; Kareha M Agesa; Mohammad Aghaali; Seyed Mohammad Kazem Aghamir; Anurag Agrawal; Tauseef Ahmad; Alireza Ahmadi; Mehdi Ahmadi; Hamid Ahmadieh; Ehsan Ahmadpour; Temesgen Yihunie Akalu; Rufus Akinyemi; Tomi Akinyemiju; Blessing Akombi-Inyang; Ziyad Al‐Aly; Khurshid Alam; Noore Alam; Samiah Alam; Shazia Alam; Turki M Alanzi; Samuel B Albertson; Jacqueline Elizabeth Alcalde‐Rabanal; Niguse Meles Alema; Muhammad Ali; Saqib Ali; Gianfranco Alicandro; Mehran Alijanzadeh; Cyrus Alinia; Vahid Alipour; Syed Mohamed Aljunid; François Alla; Peter Alle­beck; Amir Almasi‐Hashiani; Jordi Alonso; Rajaa Al‐Raddadi; Khalid A Altirkawi; Nelson Alvis‐Guzmán; Nelson J Alvis-Zakzuk; Saeed Amini; Mostafa Amini‐Rarani; Arya Aminorroaya; Fatemeh Amiri; Arianna Maever L. Amit; Dickson A Amugsi; Gianna Gayle Herrera Amul; Deanna Anderlini; Cătălina Liliana Andrei; Tudorel Andrei; Mina Anjomshoa; Fereshteh Ansari; Iman Ansari; Alireza Ansari‐Moghaddam; Carl Abelardo T Antonio; Catherine M Antony; Ernoiz Antriyandarti; Davood Anvari; Razique Anwer; Jalal Arabloo; Morteza Arab‐Zozani; Aleksandr Y. Aravkin; Filippo Ariani; Johan Ärnlöv; Krishna K Aryal; Afsaneh Arzani; Mehran Asadi-Aliabadi; Ali A. Asadi‐Pooya; Babak Asghari; Charlie Ashbaugh; Desta Debalkie Atnafu,The Lancet,19617,https://doi.org/10.1016/s0140-6736(20)30925-9
https://openalex.org/W2531269403,ROBINS-I: a tool for assessing risk of bias in non-randomised studies of interventions,2016,Jonathan A C Sterne; Miguel A. Hernán; Barnaby C Reeves; Jelena Savović; Nancy D Berkman; Meera Viswanathan; David Henry; Douglas G. Altman; Mohammed Ansari; Isabelle Boutron; James R. Carpenter; An‐Wen Chan; Rachel Churchill; Jonathan J Deeks; Asbjørn Hróbjartsson; Jamie J Kirkham; Peter Jüni; Yoon K. Loke; Theresa D Pigott; Craig Ramsay; Deborah L. Regidor; Hannah R. Rothstein; Lakhbir Sandhu; Pasqualina Santaguida; Holger J. Schünemann; Beverly Shea; Ian Shrier; Peter Tugwell; Lucy Turner; Jeffrey C. Valentine; Hugh Waddington; Elizabeth Waters; George A. Wells; Penny Whiting; Julian P. T. Higgins,BMJ,19584,https://doi.org/10.1136/bmj.i4919
https://openalex.org/W2412247133,Transforming Our World: The 2030 Agenda for Sustainable Development,2018,Unknown,Unknown,19560,https://doi.org/10.1891/9780826190123.ap02
https://openalex.org/W2900569176,"STRING v11: protein–protein association networks with increased coverage, supporting functional discovery in genome-wide experimental datasets",2018,Damian Szklarczyk; Annika L. Gable; David Lyon; Alexander Junge; Stefan Wyder; Jaime Huerta‐Cepas; Milan Simonovic; Nadezhda T. Doncheva; John H. Morris; Peer Bork; Lars Juhl Jensen; Christian von Mering,Nucleic Acids Research,19393,https://doi.org/10.1093/nar/gky1131
https://openalex.org/W2614081736,ModelFinder: fast model selection for accurate phylogenetic estimates,2017,Subha Kalyaanamoorthy; Bùi Quang Minh; Thomas K. F. Wong; Arndt von Haeseler; Lars S. Jermiin,Nature Methods,19295,https://doi.org/10.1038/nmeth.4285
https://openalex.org/W2531409750,Xception: Deep Learning with Depthwise Separable Convolutions,2017,François Chollet,Unknown,19207,https://doi.org/10.1109/cvpr.2017.195
https://openalex.org/W2570343428,"YOLO9000: Better, Faster, Stronger",2017,Joseph Redmon; Ali Farhadi,Unknown,19112,https://doi.org/10.1109/cvpr.2017.690
https://openalex.org/W1677182931,Delving Deep into Rectifiers: Surpassing Human-Level Performance on ImageNet Classification,2015,Kaiming He; Xiangyu Zhang; Shaoqing Ren; Jian Sun,Unknown,18896,https://doi.org/10.1109/iccv.2015.123
https://openalex.org/W3099878876,Array programming with NumPy,2020,Cr Harris; KJ Millman; SJ van der Walt; R Gommers; P Virtanen; D Cournapeau; E Wieser; J Taylor; S Berg; NJ Smith; R Kern; M Picus; S Hoyer; MH van Kerkwijk; M Brett; A Haldane; JF Rio; M Wiebe; P Peterson; P Gérard-Marchant; K Sheppard; T Reddy; W Weckesser; H Abbasi; C Gohlke; TE Oliphant,TUScholarShare (Temple University),18812,Unknown
